resident_id,activity_id,event_type,timestamp
R001,A014,impression,2026-09-29T23:10:50.777855
R001,A001,impression,2026-09-29T23:10:50.777855
R001,A032,impression,2026-09-29T23:10:50.777855
R001,A015,impression,2026-09-29T23:10:50.777855
R001,A006,impression,2026-09-29T23:10:50.777855
R001,A001,impression,2026-09-29T23:11:11.188620
R001,A006,impression,2026-09-29T23:11:11.188620
R001,A020,impression,2026-09-29T23:11:11.188620
R001,A008,impression,2026-09-29T23:11:11.188620
R001,A033,impression,2026-09-29T23:11:11.188620
R013,A007,impression,2026-09-29T23:11:16.072610
R013,A008,impression,2026-09-29T23:11:16.072610
R013,A010,impression,2026-09-29T23:11:16.072610
R013,A014,impression,2026-09-29T23:11:16.072610
R013,A029,impression,2026-09-29T23:11:16.072610
R013,A007,impression,2026-09-29T23:11:17.622577
R013,A008,impression,2026-09-29T23:11:17.622577
R013,A010,impression,2026-09-29T23:11:17.622577
R013,A014,impression,2026-09-29T23:11:17.622577
R013,A029,impression,2026-09-29T23:11:17.622577
R013,A008,impression,2026-09-29T23:11:23.490601
R013,A007,impression,2026-09-29T23:11:23.490601
R013,A014,impression,2026-09-29T23:11:23.490601
R013,A029,impression,2026-09-29T23:11:23.490601
R013,A030,impression,2026-09-29T23:11:23.490601
R001,A001,impression,2026-09-29T23:11:27.577946
R001,A006,impression,2026-09-29T23:11:27.577946
R001,A020,impression,2026-09-29T23:11:27.577946
R001,A008,impression,2026-09-29T23:11:27.577946
R001,A033,impression,2026-09-29T23:11:27.577946
R001,A001,impression,2026-09-29T23:12:05.533033
R001,A006,impression,2026-09-29T23:12:05.533033
R001,A020,impression,2026-09-29T23:12:05.533033
R001,A008,impression,2026-09-29T23:12:05.533033
R001,A033,impression,2026-09-29T23:12:05.533033
R001,A001,impression,2026-09-29T23:12:30.730707
R001,A006,impression,2026-09-29T23:12:30.730707
R001,A021,impression,2026-09-29T23:12:30.730707
R001,A008,impression,2026-09-29T23:12:30.730707
R001,A033,impression,2026-09-29T23:12:30.730707
R001,A001,impression,2026-09-29T23:12:40.406372
R001,A006,impression,2026-09-29T23:12:40.406372
R001,A021,impression,2026-09-29T23:12:40.406372
R001,A008,impression,2026-09-29T23:12:40.406372
R001,A033,impression,2026-09-29T23:12:40.406372
R001,A006,impression,2026-09-29T23:12:47.554504
R001,A030,impression,2026-09-29T23:12:47.554504
R001,A023,impression,2026-09-29T23:12:47.554504
R001,A025,impression,2026-09-29T23:12:47.554504
R001,A029,impression,2026-09-29T23:12:47.554504
R001,A006,impression,2026-09-29T23:12:49.954124
R001,A030,impression,2026-09-29T23:12:49.954124
R001,A023,impression,2026-09-29T23:12:49.954124
R001,A025,impression,2026-09-29T23:12:49.954124
R001,A029,impression,2026-09-29T23:12:49.954124
R001,A006,impression,2026-09-29T23:18:17.699457
R001,A030,impression,2026-09-29T23:18:17.699457
R001,A023,impression,2026-09-29T23:18:17.699457
R001,A025,impression,2026-09-29T23:18:17.699457
R001,A029,impression,2026-09-29T23:18:17.699457
R001,A006,impression,2026-09-29T23:18:20.362318
R001,A030,impression,2026-09-29T23:18:20.362318
R001,A023,impression,2026-09-29T23:18:20.362318
R001,A025,impression,2026-09-29T23:18:20.362318
R001,A029,impression,2026-09-29T23:18:20.362318
R016,A016,impression,2026-09-29T23:19:03.165545
R016,A006,impression,2026-09-29T23:19:03.165545
R016,A023,impression,2026-09-29T23:19:03.165545
R016,A011,impression,2026-09-29T23:19:03.165545
R016,A004,impression,2026-09-29T23:19:03.165545
R016,A016,impression,2026-09-29T23:19:06.188882
R016,A006,impression,2026-09-29T23:19:06.188882
R016,A023,impression,2026-09-29T23:19:06.188882
R016,A011,impression,2026-09-29T23:19:06.188882
R016,A004,impression,2026-09-29T23:19:06.188882
R016,A006,impression,2026-09-29T23:19:07.758792
R016,A023,impression,2026-09-29T23:19:07.758792
R016,A011,impression,2026-09-29T23:19:07.758792
R016,A010,impression,2026-09-29T23:19:07.758792
R016,A004,impression,2026-09-29T23:19:07.758792
R001,A006,impression,2026-09-30T10:58:54.946092
R001,A030,impression,2026-09-30T10:58:54.946092
R001,A023,impression,2026-09-30T10:58:54.946092
R001,A025,impression,2026-09-30T10:58:54.946092
R001,A029,impression,2026-09-30T10:58:54.946092
GUEST1790697572,A002,impression,2026-09-30T10:59:12.014522
GUEST1790697572,A001,impression,2026-09-30T10:59:12.014522
GUEST1790697572,A003,impression,2026-09-30T10:59:12.014522
GUEST1790697572,A004,impression,2026-09-30T10:59:12.014522
GUEST1790697572,A005,impression,2026-09-30T10:59:12.014522
R001,A006,impression,2026-09-30T10:59:45.633558
R001,A030,impression,2026-09-30T10:59:45.633558
R001,A023,impression,2026-09-30T10:59:45.633558
R001,A025,impression,2026-09-30T10:59:45.633558
R001,A029,impression,2026-09-30T10:59:45.633558
GUEST1790697034,A003,impression,2026-09-30T11:00:55.866365
GUEST1790697034,A011,impression,2026-09-30T11:00:55.867363
GUEST1790697034,A026,impression,2026-09-30T11:00:55.867363
GUEST1790697034,A028,impression,2026-09-30T11:00:55.867363
GUEST1790697034,A030,impression,2026-09-30T11:00:55.867363
GUEST1790697034,A003,impression,2026-09-30T11:01:00.667937
GUEST1790697034,A011,impression,2026-09-30T11:01:00.667937
GUEST1790697034,A026,impression,2026-09-30T11:01:00.667937
GUEST1790697034,A028,impression,2026-09-30T11:01:00.667937
GUEST1790697034,A030,impression,2026-09-30T11:01:00.667937
GUEST1790697034,A001,impression,2026-09-30T11:01:02.011057
GUEST1790697034,A003,impression,2026-09-30T11:01:02.011057
GUEST1790697034,A004,impression,2026-09-30T11:01:02.011057
GUEST1790697034,A005,impression,2026-09-30T11:01:02.011057
GUEST1790697034,A008,impression,2026-09-30T11:01:02.011057
GUEST1790697034,A003,impression,2026-09-30T11:01:03.998377
GUEST1790697034,A011,impression,2026-09-30T11:01:03.998377
GUEST1790697034,A026,impression,2026-09-30T11:01:03.998377
GUEST1790697034,A028,impression,2026-09-30T11:01:03.998377
GUEST1790697034,A030,impression,2026-09-30T11:01:03.998377
GUEST1790697034,A003,impression,2026-09-30T11:01:05.224876
GUEST1790697034,A011,impression,2026-09-30T11:01:05.224876
GUEST1790697034,A026,impression,2026-09-30T11:01:05.224876
GUEST1790697034,A028,impression,2026-09-30T11:01:05.224876
GUEST1790697034,A030,impression,2026-09-30T11:01:05.224876
GUEST1790697034,A004,impression,2026-09-30T11:01:18.732682
GUEST1790697034,A011,impression,2026-09-30T11:01:18.732682
GUEST1790697034,A012,impression,2026-09-30T11:01:18.732682
GUEST1790697034,A030,impression,2026-09-30T11:01:18.732682
GUEST1790697034,A023,impression,2026-09-30T11:01:18.732682
R001,A006,impression,2026-09-30T11:02:07.013951
R001,A030,impression,2026-09-30T11:02:07.013951
R001,A023,impression,2026-09-30T11:02:07.013951
R001,A025,impression,2026-09-30T11:02:07.013951
R001,A029,impression,2026-09-30T11:02:07.013951
R001,A006,impression,2026-09-30T11:02:07.221590
R001,A030,impression,2026-09-30T11:02:07.221590
R001,A023,impression,2026-09-30T11:02:07.221590
R001,A025,impression,2026-09-30T11:02:07.221590
R001,A029,impression,2026-09-30T11:02:07.221590
GUEST1790748126,A003,impression,2026-09-30T11:02:16.001034
GUEST1790748126,A027,impression,2026-09-30T11:02:16.001034
GUEST1790748126,A013,impression,2026-09-30T11:02:16.001034
GUEST1790748126,A015,impression,2026-09-30T11:02:16.001034
GUEST1790748126,A032,impression,2026-09-30T11:02:16.001034
GUEST1790748126,A003,impression,2026-09-30T11:02:25.449625
GUEST1790748126,A015,impression,2026-09-30T11:02:25.449625
GUEST1790748126,A013,impression,2026-09-30T11:02:25.449625
GUEST1790748126,A027,impression,2026-09-30T11:02:25.449625
GUEST1790748126,A005,impression,2026-09-30T11:02:25.449625
